型号,车辆分类,报价
奥迪A1,[小型车],暂无指导价
御风A100,[客车],10.28-22.68万
奥迪A3(进口),[紧凑型],33.58万
奥迪A3,[紧凑型],18.86-25.27万
九龙A4,[客车],12.18-17.88万
奥迪A4,[中型车],34.18-42.78万
奥迪A4L,[中型车],28.68-40.18万
九龙A5,[客车],暂无指导价
奥迪A5,[中型车],37.18-56.38万
A5翼舞,[紧凑型],4.99-7.89万
昌河A6,[紧凑型],5.98-9.98万
奥迪A6,[中大型],41.98-56.5万
九龙A6,[客车],暂无指导价
风神A60,[紧凑型],6.97-15.47万
九龙A6E,[客车],暂无指导价
奥迪A6L,[中大型],40.98-65.08万
奥迪A6L 插电混动,[中大型],45.48万
奥迪A7,[中大型],57.38-85.98万
奥迪A7 插电混动,[中大型],暂无指导价
奥迪A8L,[豪华车],83.88-114.88万
奥迪A8L 插电混动,[豪华车],暂无指导价
东风A9,[中大型],17.97-21.97万
ABT AS3,[紧凑型],暂无指导价
ABT AS4,[中型车],暂无指导价
ABT AS5,[中型车],暂无指导价
ABT AS6,[中大型],暂无指导价
ABT AS8,[豪华车],暂无指导价
ABT Q7,[SUV],暂无指导价
ABT R8,[跑车],暂无指导价
ABT Touareg,[SUV],暂无指导价
ABT TT,[跑车],暂无指导价
AC Schnitzer 1系,[紧凑型],暂无指导价
AC Schnitzer 3系,[中型车],暂无指导价
AC Schnitzer 5系,[中大型],暂无指导价
AC Schnitzer X1,[SUV],暂无指导价
AC Schnitzer X6,[SUV],暂无指导价
奥德赛,[MPV],22.98-37.68万
埃尔法,[MPV],80.5-85.6万
九龙艾菲,[MPV],12.98-31.28万
艾菲,[MPV],43万
傲虎,[SUV],27.08-31.08万
埃安Aion LX,[SUV],24.96-34.96万
埃安Aion S,[紧凑型],13.98-20.58万
奔驰A级,[紧凑型],21.18-29.98万
奔驰A级(进口),[紧凑型],25.78-31.28万
奔驰A级 插电混动,[紧凑型],暂无指导价
昂科拉,[SUV],12.59-18.99万
昂科雷,[SUV],51.99万
昂科拉GX,[SUV],15.59-18.59万
艾康尼克7系,[MPV],暂无指导价
昂科旗,[SUV],29.99-37.99万
昂科威,[SUV],18.99-27.99万
雷诺Alaskan,[皮卡],暂无指导价
奥铃EV,[卡车],21.8万
玛莎拉蒂Alfieri,[跑车],暂无指导价
奥铃捷运,[卡车],暂无指导价
ALPINA B3,[中型车],暂无指导价
ALPINA B4,[中型车],109.8万
雷诺Alpine A110,[跑车],暂无指导价
艾力绅,[MPV],24.98-32.88万
爱丽舍,[紧凑型],8.38-10.28万
AMG A级,[紧凑型],39.98-41.98万
AMG A级(进口),[紧凑型],45.38万
AMG C级,[中型车],59.98-116.08万
AMG CLA级,[紧凑型],54.58万
AMG E级,[中大型],89.58-156.08万
AMG G级,[SUV],220.8-245.88万
AMG GLA级,[SUV],52.68万
AMG GLB级,[SUV],暂无指导价
AMG GLC级,[SUV],63.68-128.88万
AMG GLE级,[SUV],94.18-180.18万
AMG GLS级,[SUV],179.98万
AMG GT,[跑车],97.38-229.88万
AMG S级,[豪华车],227.88-307.88万
傲跑,[SUV],10.88-12.58万
丰田APM,[客车],暂无指导价
ARCFOX GT,[跑车],暂无指导价
日产Ariya,[SUV],暂无指导价
雷诺Arkana,[SUV],暂无指导价
艾瑞泽5,[紧凑型],4.99-8.49万
艾瑞泽5e,[紧凑型],19.23-21.23万
艾瑞泽e,[紧凑型],12.68-14.38万
艾瑞泽GX,[紧凑型],7.49-11.39万
海马爱尚EV,[微型车],5.98-6.98万
沃克斯豪尔Astra,[紧凑型],暂无指导价
奥拓,[微型车],4.18-6.19万
铃木奥拓(海外),[微型车],暂无指导价
大众Atlas,[SUV],暂无指导价
凯迪拉克ATS-L,[中型车],27.38-42.88万
阿特兹,[中型车],17.58-23.98万
Aventador,[跑车],613.7-808.2万
风神AX3,[SUV],6.39-8.19万
风神AX4,[SUV],6.68-10.18万
风神AX5,[SUV],8.59-10.99万
风神AX7,[SUV],8.98-13.39万
风神AX7 FCV,[SUV],暂无指导价
风神AX7 PHEV,[SUV],暂无指导价
昂希诺 纯电动,[SUV],17.28-19.88万
法拉利812,[跑车],485.9万
力帆820,[中型车],7.68-11.98万
力帆820EV,[中型车],25.68-27.98万
丰田86,[跑车],27.78-28.78万
海马8S,[SUV],7.99-12.59万
宝马8系,[中大型],96.8-126.8万
奔腾B30,[紧凑型],6.58-9.78万
奔腾B30 EV,[紧凑型],18.98万
奔腾B50,[紧凑型],8.59-15.28万
奔腾B70,[中型车],10.48-15.08万
奔奔,[微型车],4.09-5.69万
奔奔EV,[微型车],4.98-8.18万
铂驰奔驰Sprinter系列,[MPV],78.8-128.8万
铂驰奔驰V系列,[MPV],98.8-138.8万
铂驰大众T6系列,[MPV],78.8万
褒迪,[客车],14.39-32.49万
宝典,[皮卡],7.88-10.53万
比德文E3,[微型车],4.98-6.28万
昌河北斗星,[微型车],4.1999-4.3999万
北斗星EC100,[微型车],4.58-4.98万
北斗星X5,[微型车],4.7999万
北斗星X5E,[紧凑型],11.5-14.3万
BEIJING·EU7,[中型车],15.99-17.59万
BEIJING·U7,[中型车],7.99-12.29万
BEIJING·X3,[SUV],4.99-9.59万
缤歌,[SUV],暂无指导价
宾果,[小型车],暂无指导价
博骏,[SUV],5.78-8.98万
奔驰B级,[紧凑型],22.08-33.18万
BJ 212,[SUV],7.78-10.48万
奔驰B级 插电混动,[紧凑型],暂无指导价
北京BJ20,[SUV],9.68-13.98万
北京BJ40,[SUV],12.98-20.49万
北京BJ80,[SUV],29.8-39.8万
北京BJ90,[SUV],98.8-128.8万
宝来,[紧凑型],9.88-15.6万
宝来·纯电,[紧凑型],13.68-14.68万
Bollinger B1,[SUV],暂无指导价
Bollinger B2,[皮卡],暂无指导价
雪佛兰Bolt,[SUV],暂无指导价
威旺EV,[面包车],10.98万
博瑞,[中型车],13.68-17.98万
缤瑞,[紧凑型],7.58-11.08万
福特Bronco,[皮卡],暂无指导价
博瑞PHEV,[中型车],17.68-20.98万
本田BR-V,[SUV],暂无指导价
斯巴鲁BRZ,[跑车],27.38-28.38万
本田e,[微型车],暂无指导价
宝沃BX3,[SUV],9.68-13.08万
宝沃BX5,[SUV],12.38-15.58万
宝沃BX6,[SUV],18.28-19.98万
宝沃BX7,[SUV],16.98-32.68万
宝沃BXi7,[SUV],35.88-37.88万
博越,[SUV],8.88-16.18万
缤越,[SUV],7.98-12.98万
缤越PHEV,[SUV],14.98-16.98万
缤智,[SUV],12.78-17.68万
长安新豹2,[卡车],4.07-5.86万
新豹3,[卡车],4.62-5.99万
长安新豹MINI,[卡车],3.21-5.05万
新豹T3,[卡车],4.13-5.18万
奔腾C105,[SUV],暂无指导价
长城C30 EV,[紧凑型],15-15.4万
东风小康C31,[卡车],3.69-4.29万
东风小康C32,[卡车],3.99-4.59万
东风小康C35,[面包车],5.08-5.28万
东风小康C36,[面包车],4.98-5.18万
东风小康C37,[面包车],5.49-5.79万
雪铁龙C3-XR,[SUV],9.48-11.79万
C4 PICASSO,[MPV],21.68-26.58万
雪铁龙C4L,[紧凑型],10.69-14.19万
C4世嘉,[紧凑型],9.88-14.18万
雪铁龙C5,[中型车],16.99-21.59万
九龙C6,[客车],暂无指导价
雪铁龙C6,[中型车],18.99-27.59万
MINI CABRIO,[小型车],29.58-31.38万
长安欧尚A600,[MPV],4.99-8.49万
长安欧尚A800,[MPV],6.29-10.09万
长安欧尚CX70,[SUV],5.99-10.99万
长安欧尚科尚,[MPV],7.98-16.08万
长安欧尚科赛,[SUV],8.68-15.28万
长安欧尚科赛3,[SUV],5.99-7.69万
长安欧尚科赛5,[SUV],6.99-8.29万
长安欧尚X7,[SUV],7.77-11.77万
长安欧尚X70A,[SUV],4.99-8.59万
长安星卡,[卡车],3.49-4.84万
长安星卡C系列,[卡车],3.09-3.36万
长安星卡EV,[卡车],12.38-12.58万
长安星卡L系列,[卡车],3.54-4.79万
保时捷Cayenne,[SUV],91.3-190.8万
保时捷Cayenne 插电混动,[SUV],92.3-101.2万
长安之星5,[面包车],3.79-3.94万
长安之星9,[面包车],4.78-4.88万
长安之星9 EV,[面包车],15.28-15.6万
大众CC,[中型车],24.68-30.18万
卡尔森CCA22,[紧凑型],暂无指导价
讴歌CDX,[SUV],22.98-34.98万
起亚Ceed,[紧凑型],暂无指导价
Centodieci,[跑车],暂无指导价
成功BEV6,[面包车],11.98万
成功V2E,[面包车],16.8-17.1万
Charger,[跑车],暂无指导价
布加迪Chiron,[跑车],暂无指导价
丰田C-HR,[SUV],14.18-18.08万
丰田C-HR(海外),[SUV],暂无指导价
丰田C-HR EV,[SUV],暂无指导价
斯柯达Citigo-e iV,[小型车],暂无指导价
奔驰C级,[中型车],30.78-47.48万
创界,[SUV],13.99-17.99万
奔驰C级(进口),[中型车],34.68-52.68万
超级维特拉,[SUV],26.48-27.48万
创酷,[SUV],9.99-13.99万
奔驰CLA级,[紧凑型],23.28-35.18万
本田CLARITY,[中型车],暂无指导价
雷诺Clio,[小型车],暂无指导价
奔驰CLS级,[中大型],63.38-82.88万
MINI CLUBMAN,[小型车],23.78-32.78万
福特C-MAX,[MPV],21.38万
零跑C-more,[SUV],暂无指导价
Concept A,[微型车],暂无指导价
Concept H,[紧凑型],暂无指导价
Rimac-Concept One,[跑车],暂无指导价
Rimac-Concept S,[跑车],暂无指导价
Rimac-Concept Two,[跑车],暂无指导价
Concept U,[紧凑型],暂无指导价
大发Copen,[跑车],暂无指导价
沃克斯豪尔Corsa,[小型车],暂无指导价
欧宝Corsa,[小型车],暂无指导价
沃克斯豪尔Corsa e,[小型车],暂无指导价
欧宝Corsa-e,[小型车],暂无指导价
MINI COUNTRYMAN,[SUV],24.38-34.08万
MINI COUNTRYMAN 插电混动,[SUV],暂无指导价
本田CR-V,[SUV],16.98-27.68万
猎豹CS10,[SUV],7.98-14.68万
长安CS15,[SUV],5.59-8.09万
长安CS15 EV,[SUV],8.98-9.88万
长安CS35,[SUV],6.39-8.79万
长安CS35 PLUS,[SUV],6.99-10.99万
长安CS55,[SUV],8.29-13.39万
长安CS55 PLUS,[SUV],9.19-11.49万
长安CS75,[SUV],9.48-15.48万
长安CS75 PHEV,[SUV],17.58-20.68万
长安CS75 PLUS,[SUV],10.69-15.49万
长安CS85 COUPE,[SUV],11.99-16.99万
猎豹CS9,[SUV],7.68-12.98万
猎豹CS9 EV,[SUV],20.58-21.58万
长安CS95,[SUV],16.59-21.39万
雷克萨斯CT,[紧凑型],21.5-28.2万
凯迪拉克CT4(海外),[中型车],暂无指导价
凯迪拉克CT4,[中型车],暂无指导价
凯迪拉克CT5(海外),[中型车],暂无指导价
凯迪拉克CT5,[中型车],27.97-33.97万
凯迪拉克CT6,[中大型],37.97-69.9万
猎豹CT7,[皮卡],8.28-12.08万
畅巡,[SUV],暂无指导价
马自达CX-3,[SUV],14.98-15.98万
马自达CX-30(海外),[SUV],暂无指导价
马自达CX-4,[SUV],14.08-21.58万
马自达CX-5,[SUV],17.98-24.58万
马自达CX-5(进口),[SUV],暂无指导价
马自达CX-8,[SUV],25.88-33.08万
马自达CX-9,[SUV],暂无指导价
Cybertruck,[皮卡],暂无指导价
开沃D07,[面包车],10.98-11.78万
开沃D08,[面包车],8.8万
开沃D09,[客车],11.76万
开沃D10,[客车],15.58万
开沃D11,[客车],24.98万
知豆D2,[微型车],4.98-5.98万
知豆D3,[微型车],10.98万
绅宝D50,[紧凑型],6.79-9.99万
东风小康D51,[卡车],4.19-4.69万
东风小康D52,[卡车],4.49-4.99万
东风小康D55,[卡车],暂无指导价
启辰D60,[紧凑型],6.98-9.88万
上汽MAXUS D60,[SUV],9.38-16.78万
启辰D60 EV,[紧凑型],13.78-15.38万
大7 MPV,[MPV],16.98-25.98万
绅宝D70,[中型车],15.98-19.18万
上汽MAXUS D90,[SUV],15.67-24.9万
依维柯Daily,[客车],38.6-82万
日产DAYZ,[小型车],暂无指导价
阿斯顿·马丁DB11,[跑车],226.8-306.8万
阿斯顿·马丁DBS,[跑车],366.8-500.7万
阿斯顿·马丁DBS GT Zagato,[跑车],暂无指导价
阿斯顿·马丁DBX,[SUV],237.8万
道达V8,[MPV],12.98-14.98万
新特DEV 1,[小型车],6.19-7.79万
东风皮卡,[皮卡],暂无指导价
东风·瑞泰特EM10,[客车],7.98万
东风·瑞泰特EM13,[客车],暂无指导价
东风·瑞泰特EM30,[客车],25.98万
递哥,[面包车],3.59-4.88万
帝豪,[紧凑型],6.98-9.88万
帝豪EV,[紧凑型],13.58-23.83万
帝豪GL,[紧凑型],7.88-12.18万
帝豪GL PHEV,[紧凑型],15.28-16.48万
帝豪GS,[SUV],7.78-11.68万
帝豪GSe,[SUV],10.98-15.98万
帝豪PHEV,[紧凑型],16.58-18.58万
金杯大海狮,[客车],11.78-25.28万
Divo,[跑车],暂无指导价
大捷龙,[MPV],49.69万
大捷龙 插电混动,[MPV],49.69万
达咖,[皮卡],9.98-13.18万
大陆,[中大型],36.08-55.58万
大力神K5,[皮卡],7.18-11.68万
大领主,[皮卡],8.38-19.88万
五十铃D-MAX,[皮卡],14.48-21.98万
D-MAX房车,[皮卡],28.3-39.6万
大迈X5,[SUV],6.99-9.99万
大迈X7,[SUV],10.69-15.99万
大切诺基(进口),[SUV],52.99-71.49万
DS 3 纯电动,[SUV],暂无指导价
DS 4S,[紧凑型],17.19-22.99万
DS 5,[中型车],24.39-30.89万
DS 5LS,[紧凑型],16.88-22.98万
DS 6,[SUV],20.69-27.29万
DS 7,[SUV],20.89-31.99万
DS 9,[中型车],暂无指导价
DS 9 PHEV,[中型车],暂无指导价
雷诺Duster,[SUV],14.98-16.98万
东南DX3,[SUV],5.99-10.59万
东南DX3 EV,[SUV],17.15-19.15万
东南DX5,[SUV],6.99-9.99万
东南DX7,[SUV],8.99-13.69万
东南DX9,[SUV],暂无指导价
得意,[客车],11.84-16.4万
大指挥官,[SUV],27.98-40.98万
标致2008(海外),[SUV],暂无指导价
标致2008,[SUV],暂无指导价
标致208,[紧凑型],暂无指导价
宝马2系,[紧凑型],26.38-33.98万
宝马2系旅行车,[紧凑型],21.98-28.98万
欧尚E01,[微型车],暂无指导价
风光E1,[SUV],6.18-7.38万
比亚迪e1,[微型车],5.99-7.99万
雪佛兰E-10 Concept,[皮卡],暂无指导价
宝骏E100,[微型车],4.98-5.98万
江铃E100B,[微型车],7.38万
红旗E115,[SUV],暂无指导价
江铃E160,[小型车],9.58-9.88万
比亚迪e2,[紧凑型],8.98-14.48万
大乘E20,[微型车],6.98万
宝骏E200,[微型车],5.48-6.48万
众泰E200,[微型车],6.99万
远程E200,[卡车],18万
标致e-2008,[SUV],暂无指导价
标致e-2008(海外),[SUV],暂无指导价
江铃E200L,[微型车],5.38-6.38万
江铃E200N,[微型车],5.68-6.68万
远程E200S,[卡车],13.98-14.78万
标致e-208,[小型车],暂无指导价
思皓E20X,[SUV],12.8-13.8万
凯翼E3,[小型车],5.29-7.68万
比亚迪e3,[紧凑型],10.38-16.48万
风光E3 电动版,[SUV],12.98-14.98万
风光E3 增程版,[SUV],13.98-15.98万
启辰e30,[SUV],6.18-7.48万
新宝骏E300,[微型车],暂无指导价
丰田e-4me,[微型车],暂无指导价
中华E5,[紧凑型],暂无指导价
远程E5,[面包车],10.88万
远程E6,[客车],12.98万
风神E70,[紧凑型],15.58-23.68万
荣威e950,[中型车],25.59万
御风EA100,[客车],18.8-48万
北汽新能源EC3,[微型车],7.38-7.98万
野马EC30,[MPV],8.33-20.58万
瑞驰新能源EC31,[卡车],9.09万
瑞驰新能源EC35,[面包车],8.99万
东风小康EC36,[面包车],8.29万
北汽新能源EC5,[SUV],9.99-11.99万
野马EC60,[SUV],15.98-25.58万
野马EC70,[SUV],21.88万
丰田e-Care,[MPV],暂无指导价
ARCFOX ECF,[SUV],暂无指导价
EC系列,[微型车],5.58-6.18万
九龙EF5,[MPV],暂无指导价
上汽MAXUS EG10,[MPV],30.28-41.68万
红旗E-HS3,[SUV],22.58-26.58万
荣威Ei5,[紧凑型],12.88-15.88万
荣威ei6,[紧凑型],14.78-22.28万
奔驰E级(进口),[中大型],44.28-70.78万
奔驰E级,[中大型],42.58-62.38万
奔驰E级 插电混动,[中大型],50.98万
瑞驰新能源EK05,[面包车],5.29万
迈凯伦Elva,[跑车],暂无指导价
东风EM10,[面包车],14万
东风EM13,[面包车],19.9万
九龙EM3,[面包车],8.58-10.18万
九龙EM5,[面包车],暂无指导价
ENCINO 昂希诺,[SUV],12.99-15.59万
别克Enspire,[SUV],暂无指导价
蔚来EP9,[跑车],996万
捷豹E-PACE,[SUV],28.18-38.58万
丰田e-Palette,[客车],暂无指导价
E-Pro,[SUV],10.69-12.69万
奇瑞eQ1,[微型车],5.98-7.58万
奔驰EQA,[紧凑型],暂无指导价
奔驰EQB,[SUV],暂无指导价
奔驰EQC(海外),[SUV],暂无指导价
奔驰EQC级,[SUV],57.98-62.28万
奔驰EQE,[中大型],暂无指导价
奔驰EQS,[豪华车],暂无指导价
奔驰EQV,[MPV],暂无指导价
丰田e-RACER,[跑车],暂无指导价
长安E-ROCK,[SUV],暂无指导价
荣威ERX5 纯电动,[SUV],27.18-29.68万
荣威eRX5 插电混动,[SUV],17.59-28.59万
雷克萨斯ES,[中大型],27.9-48.3万
蔚来ES6,[SUV],35.8-54.8万
蔚来ES8,[SUV],44.8-50.6万
比亚迪e-SEED GT,[跑车],暂无指导价
起亚e-Soul,[小型车],暂无指导价
雷诺ESPACE,[MPV],25.88-32.88万
英菲尼迪ESQ,[SUV],18.08-19.88万
众泰ET450 EV,[SUV],暂无指导价
蔚来ET7,[中型车],暂无指导价
丰田e-Trans,[MPV],暂无指导价
奥迪e-tron,[SUV],69.28-82.86万
奥迪e-tron GT,[中大型],暂无指导价
北汽新能源EU5,[紧凑型],13.29-17.19万
上汽MAXUS EUNIQ 5,[MPV],20.58-24.98万
EUNIQ 6 纯电动,[SUV],暂无指导价
EUNIQ 6 插电混动,[SUV],暂无指导价
EU系列,[紧凑型],12.98万
电咖EV10,[微型车],11.59-12.39万
北汽EV2,[微型车],3.58-4.1万
裕路EV2,[微型车],11.98-12.28万
上汽MAXUS EV30,[面包车],12.87-18.17万
东风EV350,[卡车],27.9万
北汽EV5,[面包车],10.38-11.38万
上汽MAXUS EV80,[客车],23.87-28.75万
路特斯Evija,[跑车],2188万
路特斯Evora,[跑车],97.2万
领途E行,[微型车],13.68万
英致EX1,[微型车],13.98万
风神EX1,[SUV],暂无指导价
北汽新能源EX3,[SUV],12.39-16.39万
威马EX5,[SUV],15.98-23.98万
北汽新能源EX5,[SUV],16.99-19.99万
威马EX6,[SUV],28.99万
EX系列,[SUV],8.49-10.39万
福特F-150,[皮卡],52.38-61.28万
比亚迪F3,[紧凑型],4.39-6.59万
北京F40,[皮卡],14.98万
哈弗F5,[SUV],10-13万
哈弗F7,[SUV],10.9-15.37万
哈弗F7x,[SUV],11.99-15.49万
法拉利F8,[跑车],298.8-341.8万
飞驰,[豪华车],278-393.8万
上汽MAXUS FCV80,[客车],130万
飞度,[小型车],7.38-10.28万
飞度(进口),[小型车],暂无指导价
锋范,[紧凑型],7.98-10.68万
FF 91,[中大型],暂无指导价
风景,[客车],暂无指导价
风骏5,[皮卡],6.88-11.28万
风骏6,[皮卡],8.68-11.78万
风骏7,[皮卡],8.68-13.88万
风骏7 EV,[皮卡],25.68-26.68万
风景G5,[客车],7.57-16.98万
风景G7,[客车],7.36-14.8万
风景G9,[客车],9.57-19.88万
风景V3,[客车],3.28-3.48万
风景V3 EV,[面包车],6.2-6.8万
风景V5,[客车],3.88-6.93万
风景V5 EV,[面包车],14.16万
富康ES500,[紧凑型],21.28-23.68万
福克斯(进口),[紧凑型],24.28-37.88万
福克斯,[紧凑型],9.98-15.08万
福克斯Active,[紧凑型],13.98-15.38万
福美来F5,[紧凑型],5.98-9.28万
福美来F7,[MPV],7.98-11.98万
forfour,[微型车],12.28-20.78万
forfour EQ,[微型车],暂无指导价
fortwo,[微型车],11.38-30.19万
fortwo EQ,[微型车],暂无指导价
捷豹F-PACE,[SUV],47.58-78.78万
福瑞迪,[紧凑型],7.88-10.28万
福瑞达K21,[卡车],3.74-4.88万
福瑞达K22,[卡车],3.94-5.13万
本田Freed,[MPV],暂无指导价
福睿斯,[紧凑型],7.98-11.68万
菲斯塔 纯电动,[紧凑型],暂无指导价
福特GT,[跑车],暂无指导价
捷豹F-TYPE,[跑车],58.2-158.6万
起亚Futuron,[SUV],暂无指导价
菲翔,[紧凑型],10.08-14.18万
路虎发现,[SUV],66.98-93.48万
风行CM7,[MPV],11.89-22.99万
风行F600,[MPV],9.49-9.69万
飞行家,[SUV],暂无指导价
飞行家(进口),[SUV],62.88-68.88万
飞行家 插电混动,[SUV],81.88万
风行M6,[MPV],10.29-11.89万
风行M7,[MPV],16.99-22.99万
风行S50 EV,[紧凑型],16.49-18.49万
风行S500,[MPV],5.99-7.09万
发现神行(进口),[SUV],暂无指导价
发现神行,[SUV],34.68-50.08万
风行SX6,[SUV],5.99-9.49万
风行T1 EV,[SUV],7.58万
风行T5,[SUV],6.99-13.59万
风行T5L,[SUV],7.99-17.6万
发现运动版,[SUV],暂无指导价
发现运动版(海外),[SUV],暂无指导价
SWM斯威G01,[SUV],7.99-12.59万
SWM斯威G01 EV,[SUV],暂无指导价
SWM斯威G05,[SUV],6.99-10.39万
上汽MAXUS G10,[MPV],14.03-22.98万
上汽MAXUS G20,[MPV],18.38-28.98万
小鹏汽车G3,[SUV],14.38-25.78万
上汽MAXUS G50,[MPV],8.68-15.68万
比亚迪G6,[中型车],7.98万
大乘G60,[SUV],5.99-6.99万
大乘G60E,[SUV],18.18万
大乘G60S,[SUV],6.99-12.19万
捷尼赛思G70,[中型车],暂无指导价
大乘G70S,[SUV],11.99-14.99万
捷尼赛思G90,[中大型],暂无指导价
传祺GA4,[紧凑型],7.38-11.58万
传祺GA6,[中型车],10.88-16.88万
传祺GA8,[中大型],14.98-25.98万
布加迪Galibier,[跑车],暂无指导价
国机智骏GC1,[微型车],6.88-8.38万
国机智骏GC2,[微型车],6.58-8.18万
冠道,[SUV],22-32.98万
传祺GE3,[SUV],15.48-18.08万
高尔夫,[紧凑型],11.92-23.42万
高尔夫(进口),[紧凑型],20.98-37.28万
高尔夫 纯电动,[紧凑型],24.08万
高尔夫·纯电,[紧凑型],14.77-16.88万
高尔夫·嘉旅,[MPV],12.88-19.28万
玛莎拉蒂Ghibli,[中大型],88.08-118.88万
阿尔法·罗密欧Giulia,[中型车],37.98-125.98万
奔驰G级,[SUV],158.8-189.88万
观境,[SUV],7.59-12万
别克GL6,[MPV],13.99-16.69万
别克GL8,[MPV],22.99-44.99万
Gladiator,[皮卡],暂无指导价
奔驰GLA级,[SUV],26.48-38.58万
奔驰GLB级,[SUV],31.48-35.48万
奔驰GLB级(海外),[SUV],暂无指导价
奔驰GLC级(进口),[SUV],45.28-59.88万
奔驰GLC级,[SUV],39.08-58.78万
GLC级 插电混动,[SUV],暂无指导价
奔驰GLE级,[SUV],70.98-135.38万
奔驰GLS级,[SUV],93.48-148.88万
国金GM3,[MPV],22.98-24.98万
传祺GM6,[MPV],10.98-15.98万
传祺GM8,[MPV],17.98-26.48万
广汽本田VE-1,[SUV],15.98-22.58万
哥瑞,[紧凑型],7.98-11.98万
丰田GR Super Sport,[跑车],暂无指导价
玛莎拉蒂GranCabrio,[跑车],302.8万
Grandland X PHEV,[SUV],暂无指导价
玛莎拉蒂GranTurismo,[跑车],246.8-288.8万
丰田Granvia,[MPV],暂无指导价
阁瑞斯,[客车],8.88-27.78万
雷克萨斯GS,[中大型],42.9-45.6万
传祺GS3,[SUV],7.38-11.68万
传祺GS4,[SUV],8.98-15.18万
传祺GS5,[SUV],10.98-16.98万
传祺GS7,[SUV],14.98-20.98万
传祺GS8,[SUV],16.68-26.28万
古思特,[豪华车],450-530万
国机智骏GT3,[跑车],暂无指导价
法拉利GTC4Lusso,[跑车],314.5-473.5万
伽途GT,[SUV],7.99-14.98万
伽途im,[MPV],6.19-7.99万
伽途ix,[MPV],4.49-6.59万
捷尼赛思GV80,[SUV],暂无指导价
国机智骏GX5,[SUV],11.58-13.98万
观致3,[紧凑型],9.89-15.39万
观致3 EV,[紧凑型],暂无指导价
观致5,[SUV],13.88-19.49万
幻速H2,[MPV],3.58-4.68万
哈弗H2,[SUV],7.49-9.59万
哈弗H2s,[SUV],7-8.5万
中华H3,[紧凑型],6.39-8.89万
幻速H3,[MPV],5.58-6.78万
哈弗H4,[SUV],7.39-11.5万
海格H4E,[面包车],暂无指导价
幻速H5,[MPV],8.18-8.88万
红旗H5,[中型车],14.68-19.08万
哈弗H5,[SUV],10.78-13.68万
中华H530,[紧凑型],8.58-9.58万
威麟H6,[客车],暂无指导价
幻速H6,[MPV],5.98-7.58万
哈弗H6,[SUV],10.2-14.1万
哈弗H6 Coupe,[SUV],7.99-11.9万
哈弗H7,[SUV],14.2-18万
红旗H7,[中大型],25.28-31.78万
海格H7V,[客车],暂无指导价
哈弗H9,[SUV],20.98-27.28万
红旗H9,[中大型],暂无指导价
辉昂,[中大型],34-63.9万
起亚Habaniro,[SUV],暂无指导价
铃木HANARE,[MPV],暂无指导价
焕驰,[小型车],4.99-7.39万
皇冠,[中大型],25.08-37.48万
恒好EV1,[面包车],11.69万
恒好EV7,[面包车],11.46万
航海家,[SUV],38.88-51.88万
高合HiPhi 1,[SUV],暂无指导价
汉兰达,[SUV],23.98-32.58万
撼路者,[SUV],26.58-35.88万
海马E3,[紧凑型],15.78-16.38万
红旗HS5,[SUV],18.38-24.98万
华颂7,[MPV],23.77-28.77万
红旗HS7,[SUV],34.98-45.98万
金杯海狮X30L,[面包车],4.68-6.28万
海豚EV,[面包车],14.48-14.88万
汉腾FCV,[SUV],暂无指导价
Huracan,[跑车],272.8-384.8万
铃木HUSTLER,[SUV],暂无指导价
皓影,[SUV],16.98-25.28万
幻影,[豪华车],790-920万
好运1号,[面包车],12.68-13.78万
好运2号,[面包车],11.68-11.88万
HYCAN概念车,[SUV],暂无指导价
新海狮S,[客车],5.08-5.88万
现代i10,[微型车],暂无指导价
宝马i3,[小型车],33.98万
雷丁i3,[微型车],4.98-6.28万
现代i30(海外),[紧凑型],暂无指导价
宝马i4,[中型车],暂无指导价
荣威i5,[紧凑型],6.89-11.59万
雷丁i5,[小型车],7.58万
荣威i6,[紧凑型],8.98-13.98万
宝马i8,[跑车],195.8万
雷丁i9,[SUV],11.58万
广汽丰田iA5,[紧凑型],16.98-19.28万
奇点iC3,[微型车],暂无指导价
大发ICO ICO,[微型车],暂无指导价
吉利ICON,[SUV],13.202万
大众ID.,[SUV],暂无指导价
大众ID. Space Vizzion,[中型车],暂无指导价
大众ID.3,[紧凑型],暂无指导价
ID.初见(海外),[SUV],暂无指导价
江淮iEV6E,[微型车],5.45-7.55万
江淮iEV7,[紧凑型],8.35-8.95万
江淮iEV7S,[SUV],9.35-11.95万
江淮iEVA50,[紧凑型],12.95-14.55万
江淮iEVA60,[中型车],18.95万
江淮iEVS4,[SUV],12.95-15.95万
ILLUMINATE,[SUV],暂无指导价
现代iMax,[MPV],暂无指导价
日产IMk,[小型车],暂无指导价
宝马iNEXT,[SUV],暂无指导价
本田INSPIRE,[中型车],18.28-24.98万
现代IONIQ,[紧凑型],暂无指导价
捷豹I-PACE,[SUV],63.08-71.68万
雷克萨斯IS,[中型车],29.8-41.3万
奇点iS6,[SUV],暂无指导价
博郡iV6,[SUV],25-35万
博郡iV7,[SUV],暂无指导价
现代ix25,[SUV],10.58-15.28万
宝马iX3,[SUV],暂无指导价
现代ix35,[SUV],11.99-16.19万
广汽ix4,[SUV],21.48-22.48万
风光ix5,[SUV],9.98-14.98万
风光ix7,[SUV],12.59-21.59万
保时捷911,[跑车],119.7-379.8万
保时捷917,[跑车],暂无指导价
保时捷935,[跑车],暂无指导价
荣威950,[中型车],16.88-22.68万
法拉利J50,[跑车],暂无指导价
金杯F50,[MPV],5.99-10.89万
金杯海狮,[客车],6.18-9.68万
金杯S70,[SUV],7.98-11.38万
佳宝V80 EV,[面包车],11.98-13.68万
金杯新快运,[客车],7.45-9.08万
MINI JCW,[小型车],32.58-36.18万
MINI JCW CLUBMAN,[小型车],36.48-40.98万
MINI JCW COUNTRYMAN,[SUV],37.88-42.98万
金典,[皮卡],5.78-6.18万
杰德,[紧凑型],12.99-16.59万
角斗士,[SUV],8.44万
俊风E11K,[紧凑型],20.88万
俊风E17,[紧凑型],22.88万
俊风ER30,[小型车],14.98万
金刚,[小型车],4.79-6.59万
几何A,[紧凑型],21-25万
嘉际,[MPV],9.98-14.88万
嘉际PHEV,[MPV],16.98-19.28万
劲客,[SUV],9.98-13.88万
劲客(海外),[SUV],暂无指导价
甲壳虫,[紧凑型],17.88-25.58万
甲壳虫 纯电动,[紧凑型],暂无指导价
金旅大海狮,[客车],16.68-20.88万
金旅大海狮EV,[客车],暂无指导价
金旅海狮,[客车],7.08-7.28万
金旅海狮EV,[客车],13.58-14.18万
金旅领特,[客车],21.88万
金旅新时代海狮,[客车],6.48-6.68万
金旅窄体大海狮,[客车],9.18-12.58万
吉姆尼,[SUV],14.18-16.08万
金牛座,[中型车],22.89-29.98万
骏派A50,[紧凑型],5.59-7.29万
骏派A70,[小型车],6.48-8.78万
骏派A70E,[紧凑型],16.88-18.38万
骏派CX65,[紧凑型],6.89-7.69万
骏派D60,[SUV],5.69-8.99万
骏派D80,[SUV],7.99-12.59万
晶锐,[小型车],6.99-10.99万
竞瑞,[紧凑型],8.99-12.79万
日产JUKE,[SUV],暂无指导价
金威,[客车],6.2-12.3万
君威,[中型车],17.28-25.98万
劲炫,[SUV],9.98-15.58万
君越,[中型车],22.98-28.98万
嘉悦A5,[紧凑型],8.48-11.58万
嘉悦A5 纯电动,[紧凑型],暂无指导价
景逸S50,[紧凑型],4.89-15.18万
景逸X5,[SUV],6.99-12.98万
东风小康K01,[卡车],2.69-3.39万
东风小康K02,[卡车],3.29-3.69万
小康K05S,[面包车],3.09-3.49万
小康K07S,[面包车],2.89-3.29万
起亚K2,[小型车],7.29-10.39万
前途K20,[跑车],暂无指导价
前途K25,[紧凑型],暂无指导价
起亚K3,[紧凑型],9.88-12.88万
起亚K3 EV,[紧凑型],暂无指导价
起亚K3 PHEV,[紧凑型],20.98-21.88万
起亚K5,[中型车],16.48-17.38万
起亚K5(进口),[中型车],暂无指导价
起亚K5 PHEV,[中型车],22.28-23.98万
开瑞K50,[MPV],4.39-7.38万
前途K50,[跑车],75.43万
开瑞K50EV,[MPV],18.88万
开瑞K60,[SUV],4.99-8.18万
开瑞K60EV,[SUV],19.88-20.88万
斯柯达Kamiq(海外),[SUV],暂无指导价
Kangaroo,[跑车],暂无指导价
卡缤,[SUV],13.18-14.18万
拜腾K-Byte,[中大型],暂无指导价
凯程F70,[皮卡],9.28-13.98万
柯迪亚克,[SUV],18.69-26.84万
柯迪亚克GT,[SUV],18.19-26.84万
科尔维特,[跑车],暂无指导价
凯歌,[客车],13-30万
科雷傲,[SUV],17.98-26.98万
科雷缤,[SUV],9.98-14.48万
库罗德,[皮卡],54.99-59.99万
凯雷德,[SUV],148.8万
科雷嘉,[SUV],13.98-19.48万
柯珞克,[SUV],13.99-17.74万
卡罗拉,[紧凑型],10.58-17.28万
卡罗拉双擎E+,[紧凑型],20.78-23.08万
库里南,[SUV],610万
凯路威,[MPV],35.5-38.2万
科鲁泽,[紧凑型],8.99-11.99万
科鲁兹,[紧凑型],12.59万
柯米克,[SUV],10.59-13.99万
科迈罗,[跑车],39.99万
凯美瑞,[中型车],17.98-27.98万
现代KONA(海外),[SUV],暂无指导价
领途K-ONE,[SUV],17.58-21.58万
凯锐800,[卡车],12.08-12.91万
凯锐浩克,[客车],7.18-16万
蝰蛇,[跑车],暂无指导价
凯绅,[中型车],12.88-14.98万
旷世,[SUV],15.98-24.38万
卡升C10,[MPV],暂无指导价
柯斯达,[客车],38.25-55.68万
考斯特房车,[客车],31.8-38万
凯特,[客车],13.88-38万
开拓者,[SUV],暂无指导价
酷威,[SUV],29.99万
卡威K1,[皮卡],7.58-9.88万
卡威K150GT,[皮卡],9.98-13.58万
卡威W1新能源,[SUV],暂无指导价
科沃兹,[紧凑型],8.99-9.99万
起亚KX CROSS,[小型车],7.49-9.09万
起亚KX3 EV,[SUV],23.98万
起亚KX5,[SUV],15.48-18.18万
起亚KX7,[SUV],17.98-27.68万
凯越,[紧凑型],8.39-9.99万
凯运强劲版,[卡车],9.95-11.74万
凯运升级版,[卡车],9.48-10.68万
跨越王X1,[卡车],3.96-5.18万
跨越王X3,[卡车],4.57-5.84万
长安跨越王X5,[卡车],4.74-6.56万
跨越者D5,[卡车],5.93-6.77万
领克01,[SUV],15.08-20.08万
领克01 PHEV,[SUV],19.27-25.98万
领克02,[SUV],11.98-18.88万
领克02 PHEV,[SUV],19.97-22.97万
领克03,[紧凑型],11.38-22.88万
领克03 PHEV,[紧凑型],19.87-22.87万
领克05,[SUV],暂无指导价
领克05 PHEV,[SUV],暂无指导价
领克06,[SUV],暂无指导价
领克06 PHEV,[SUV],暂无指导价
迈凯伦600LT,[跑车],292.3-319.5万
之诺60H,[SUV],34.9万
迈凯伦620R,[跑车],暂无指导价
力帆650,[紧凑型],5.58-6.58万
力帆650EV,[紧凑型],16.89-17.58万
宝马6系,[中大型],85.8-167.8万
宝马6系GT,[中大型],58.39-68.39万
三菱L200,[皮卡],暂无指导价
红旗L5,[豪华车],暂无指导价
风神L60,[紧凑型],8.97-12.97万
LAFESTA 菲斯塔,[紧凑型],11.98-15.48万
猎豹Coupe,[SUV],暂无指导价
雷克萨斯LC,[跑车],115.5-126.5万
凌渡,[紧凑型],14.29-19.69万
领动,[紧凑型],9.98-14.68万
领动 插电混动,[紧凑型],15.78-17.88万
玛莎拉蒂Levante,[SUV],96.18-190.98万
斯巴鲁LEVORG,[中型车],暂无指导价
揽福,[SUV],10.88-16.38万
聆风,[紧凑型],暂无指导价
雷克萨斯LF-30,[紧凑型],暂无指导价
领航员,[SUV],109.8-119.8万
LITE,[微型车],11.08-12.68万
领界,[SUV],10.98-16.88万
领界EV,[SUV],19.9-22.3万
旅居房车,[卡车],53.6-59.6万
蓝舰T340,[皮卡],暂无指导价
领坤EV,[MPV],暂无指导价
楼兰,[SUV],23.88-37.58万
雷凌,[紧凑型],11.58-15.28万
凌铃,[卡车],暂无指导价
雷凌双擎E+,[紧凑型],20.38-21.88万
雷克萨斯LM,[MPV],暂无指导价
蓝鸟,[紧凑型],9.59-14.39万
雷诺e诺,[SUV],6.18-7.18万
Lorinser GS,[SUV],159.8万
Lorinser MAYBACH S650,[豪华车],140.88-188.8万
Lorinser VS,[MPV],118.8-148.8万
凌派,[紧凑型],9.98-13.98万
丰田LQ,[紧凑型],暂无指导价
雷克萨斯LS,[豪华车],81.1-117.2万
力狮,[中型车],20.48-24.78万
路虎揽胜,[SUV],122.5-321.3万
揽胜 插电混动,[SUV],132.3-157.3万
罗莎房车租赁款,[卡车],26.8-28.8万
揽胜极光,[SUV],35.58-53.98万
揽胜极光(进口),[SUV],67万
路盛S1 EV160B,[微型车],10.28万
路盛S1 EV160R,[微型车],10.88-10.98万
路盛S1 iEV360,[微型车],6.58-9.58万
雷斯特G4,[SUV],21.98-31.98万
揽胜星脉,[SUV],57.28-87.88万
揽胜运动,[SUV],90.48-183.8万
揽胜运动 插电混动,[SUV],86.48万
凌特,[客车],37.6-49.9万
乐途,[面包车],3.58-5.98万
铃拓,[皮卡],11.18-15.48万
Vinfast-LUX A2.0,[中型车],暂无指导价
Vinfast-LUX SA2.0,[SUV],暂无指导价
Vinfast-LUX V8,[SUV],暂无指导价
骊威,[小型车],8.58-11.72万
凌轩,[MPV],6.79-11.09万
雷克萨斯LX,[SUV],129.1-141.7万
朗逸,[紧凑型],9.99-16.19万
朗逸纯电,[紧凑型],14.89万
路易斯,[SUV],10.88-11.28万
菱智,[MPV],5.59-8.89万
菱智M5 EV,[MPV],15.79-21.59万
宝马M2,[紧凑型],63.38万
威旺M20,[MPV],3.68-4.33万
海马M3,[紧凑型],4.99-6.99万
比速M3,[MPV],6.19-8.39万
宝马M3,[中型车],87.68-108.89万
威旺M30,[MPV],4.48-5.58万
宝马M4,[中型车],86.99-128.89万
宝马M5,[中大型],146.89-147.99万
昌河M50,[MPV],4.08-5.28万
威旺M50F,[MPV],5.58-8.98万
启辰M50V,[MPV],6.58-9.09万
海马M6,[中型车],6.98-10.28万
哈弗M6,[SUV],6.6-8.2万
宝马M6,[中大型],179.8万
昌河M60,[MPV],6.68-9.88万
威旺M60,[MPV],6.68-9.88万
启腾M70,[面包车],3.39-4.59万
昌河M70,[MPV],5.49-6.49万
启腾M70 EV,[面包车],13.68-16.36万
宝马M8,[豪华车],196.8-219.8万
保时捷Macan,[SUV],54.5-92.5万
荣威Marvel X,[SUV],26.88-46万
猎豹Mattu,[SUV],11.68-15.88万
迈巴赫GLS级,[SUV],暂无指导价
迈巴赫S级,[豪华车],138.08-319.88万
拜腾M-Byte,[SUV],30-40万
蒙迪欧,[中型车],19.28-27.98万
蒙迪欧 插电混动,[中型车],28.08-29.58万
讴歌MDX,[SUV],69.8-84.8万
君马MEET 5,[SUV],暂无指导价
新特MEV 100,[紧凑型],暂无指导价
梅甘娜,[紧凑型],暂无指导价
西雅特Mii electric,[微型车],暂无指导价
MINI,[小型车],18.38-29.98万
MINI Electric,[小型车],暂无指导价
捷尼赛思Mint,[小型车],暂无指导价
三菱Mirage,[小型车],暂无指导价
丰田Mirai,[中型车],暂无指导价
三菱Mi-Tech,[SUV],暂无指导价
名爵3,[小型车],5.98-9.38万
名爵6,[紧凑型],9.68-14.98万
名爵6 插电混动,[紧凑型],15.98-17.88万
名爵eHS,[SUV],18.98-21.98万
名爵EZS,[SUV],11.98-14.98万
名爵GS,[SUV],11.98-17.88万
名爵GT,[紧凑型],7.79-12.99万
名爵HS,[SUV],9.98-16.98万
名爵ZS,[SUV],7.38-11.28万
林肯MKC,[SUV],27.98-37.68万
迈凯伦GT,[跑车],198.8万
林肯MKZ,[中型车],25.58-36.98万
迈迈,[微型车],15.88-16.88万
牧马人,[SUV],42.99-53.99万
Model 3(进口),[中型车],43.99-50.99万
Model 3,[中型车],35.58万
Model S,[中大型],79.39-89.39万
Model X,[SUV],80.99-90.99万
Model Y,[SUV],44.4-53.5万
观致Model Young,[SUV],暂无指导价
法拉利Monza SP1,[跑车],暂无指导价
法拉利Monza SP2,[跑车],暂无指导价
明锐(进口),[紧凑型],暂无指导价
明锐,[紧凑型],10.99-16.14万
迈锐宝XL,[中型车],15.49-21.99万
慕尚,[豪华车],495-555.8万
迈腾,[中型车],18.61-30.99万
名图,[中型车],12.98-16.98万
迈腾 插电混动,[中型车],25.39-26.89万
美图3,[SUV],7.19-11.89万
迈特威,[MPV],38.2-51.95万
MUSTANG,[跑车],36.98-57.68万
福特Mustang 纯电动,[跑车],暂无指导价
福特Mustang Mach-E,[SUV],暂无指导价
迈威,[SUV],5.68-7.38万
风度MX3,[SUV],暂无指导价
马自达MX-30,[SUV],暂无指导价
风度MX5,[SUV],10.35-13.55万
马自达MX-5,[跑车],33.9-34万
风度MX6,[SUV],13.28-16.98万
冒险家,[SUV],暂无指导价
冒险家 插电混动(海外),[SUV],暂无指导价
冒险家 插电混动,[SUV],暂无指导价
魅影,[豪华车],505-590万
牧游侠,[SUV],17.88-28.48万
马自达2(海外),[小型车],暂无指导价
马自达3 昂克赛拉,[紧凑型],11.29-16.89万
黄海N1,[皮卡],6.98-8.28万
黄海N1S,[皮卡],8.28-10.98万
黄海N2,[皮卡],9.28-13.98万
黄海N3,[皮卡],11.18-16.08万
黄海N7,[皮卡],11.78-16.68万
NEVS 93,[中型车],16.98万
Nexo,[SUV],暂无指导价
塔塔Nexon,[SUV],暂无指导价
塔塔Nexon EV,[SUV],暂无指导价
尼欧II,[微型车],8.88-10.08万
Note,[小型车],暂无指导价
讴歌NSX,[跑车],289万
日产NV200,[MPV],10.78-12.58万
泥瓦,[SUV],暂无指导价
本田N-WGN,[小型车],暂无指导价
纳瓦拉(海外),[皮卡],暂无指导价
纳瓦拉,[皮卡],13.98-19.58万
雷克萨斯NX,[SUV],29.8-54.2万
哪吒N01,[SUV],6.68-7.99万
哪吒汽车U,[SUV],15-21万
欧陆,[豪华车],321.8-328.1万
欧蓝德,[SUV],15.98-22.58万
欧拉iQ,[紧凑型],11.48-12.48万
欧拉R1,[微型车],6.98-7.98万
欧拉R2,[微型车],暂无指导价
欧马可,[卡车],9.52-17.3万
理想ONE,[SUV],32.8万
欧诺S,[MPV],3.99-5.59万
欧诺S EV,[MPV],17.58万
欧胜,[客车],13.59-31.79万
欧尚A600 EV,[MPV],14.98万
欧尚长行,[MPV],6.89-8.29万
欧尚长行EV,[MPV],16.98万
欧思典,[SUV],100万
欧尚EV,[MPV],16.98万
依维柯Ouba,[卡车],27.57-34.69万
Aspark Owl,[跑车],暂无指导价
御风P16,[皮卡],8.48-15.18万
小鹏汽车P7,[中型车],27-37万
WEY P8,[SUV],29.28-31.28万
WEY P8 GT,[SUV],暂无指导价
保时捷Panamera,[豪华车],97.3-212.2万
保时捷Panamera 插电混动,[豪华车],116.8-248.3万
大众Passat,[中型车],暂无指导价
炮EV,[皮卡],暂无指导价
本田Pilot,[SUV],暂无指导价
Karma Pininfarina,[跑车],暂无指导价
帕杰罗,[SUV],34.98-39.98万
普拉多,[SUV],43.58-60.48万
Polestar 1,[中大型],145万
Polestar 2,[中型车],29.8-41.8万
POLO,[小型车],9.99-12.39万
POLO(海外),[小型车],暂无指导价
法拉利Portofino,[跑车],263.8万
依维柯Power Daily 纯电动,[客车],28.86-30.686万
普瑞维亚,[MPV],36.38万
帕萨特,[中型车],18.49-28.29万
帕萨特 插电混动,[中型车],24.39-28.69万
福特PUMA,[SUV],暂无指导价
保时捷718,[跑车],54.5-89.5万
迈凯伦720S,[跑车],339.8-378.8万
宝骏730,[MPV],6.08-10.88万
五菱730,[MPV],6.38万
英致737 EV,[MPV],14.68万
金杯750,[MPV],5.49-6.69万
宝马7系,[豪华车],82.8-242.8万
海马7X,[MPV],暂无指导价
宝马7系 插电混动,[豪华车],106.8万
昌河Q25,[SUV],5.59-7.59万
奥迪Q2L,[SUV],21.77-26.85万
奥迪Q2L 纯电动,[SUV],22.68-23.73万
奥迪Q3,[SUV],27.18-35.98万
英菲尼迪Q30,[紧凑型],暂无指导价
昌河Q35,[SUV],5.99-8.99万
奥迪Q4(海外),[SUV],暂无指导价
奥迪Q4,[SUV],暂无指导价
奥迪Q4 e-tron,[SUV],暂无指导价
英菲尼迪Q50,[中型车],42.48-46.78万
英菲尼迪Q50L,[中型车],26.48-38.98万
奥迪Q5L,[SUV],38.28-49.8万
猎豹Q6,[SUV],11.99-16.98万
英菲尼迪Q60,[中型车],35.88-37.78万
昌河Q7,[SUV],8.79-14.89万
奥迪Q7,[SUV],68.38-96.28万
奥迪Q7 插电混动,[SUV],79.08万
英菲尼迪Q70L,[中大型],36.28-43.98万
奥迪Q8,[SUV],76.88-109.76万
启辰星,[SUV],暂无指导价
骐达,[紧凑型],9.99-13.59万
秦DM,[紧凑型],13.29-20.99万
秦EV,[紧凑型],12.99-17.48万
奇骏,[SUV],18.88-27.33万
全界Q1,[SUV],4.98-6.58万
骐铃T100,[皮卡],5.38-7.18万
骐铃T15,[皮卡],暂无指导价
骐铃T5,[皮卡],6.58-8.68万
骐铃T7,[皮卡],7.28-11.38万
骐铃T7皮卡房车,[皮卡],25.8-29.98万
秦Pro,[紧凑型],7.98-11.59万
秦Pro DM,[紧凑型],13.69-20.69万
秦Pro EV,[紧凑型],14.99-20.49万
全球鹰EX3,[SUV],7.68-9.68万
全球鹰K27,[微型车],6.28-7.38万
全顺,[客车],12.64-18.69万
全顺商旅房车,[客车],46.8-51.8万
全顺T型房车,[客车],40.8-44.8万
玛莎拉蒂Quattroporte,[中大型],140.58-160.88万
英菲尼迪QX30,[SUV],22.78-35.68万
清行400,[SUV],15.58-15.98万
英菲尼迪QX50,[SUV],33.38-46.98万
英菲尼迪QX55,[SUV],暂无指导价
英菲尼迪QX60,[SUV],47.98-56.98万
英菲尼迪QX80,[SUV],113.8万
庆铃轻型商用车,[卡车],11.2-13.68万
启悦,[紧凑型],7.89-12.18万
清源小尊,[微型车],暂无指导价
清源尊者,[SUV],暂无指导价
祺智EV,[SUV],12.98-23.05万
祺智PHEV,[SUV],20.98-21.98万
RIVIAN R1S,[SUV],暂无指导价
RIVIAN R1T,[皮卡],暂无指导价
锐3,[紧凑型],5.98-9.68万
奥迪R8,[跑车],195.28-229.98万
丰田RAIZE,[SUV],暂无指导价
福特Ranger,[皮卡],29.98万
阿斯顿·马丁Rapide,[中大型],286.8万
阿斯顿·马丁Rapide E,[中大型],暂无指导价
丰田RAV4 PHEV,[SUV],暂无指导价
RAV4荣放,[SUV],17.48-26.48万
睿骋,[中型车],12.08-15.08万
雷克萨斯RC,[跑车],44.6-49.6万
新宝骏RC-6,[中型车],8.48-12.38万
锐程CC,[中型车],9.49-12.89万
睿骋CC,[中型车],8.49-13.59万
讴歌RDX,[SUV],32.8-43.8万
远程RE500,[卡车],21.99万
Karma Revero,[中大型],178-218万
瑞风A60,[中大型],13.95-22.95万
瑞风M3,[MPV],5.98-9.68万
瑞风M4,[MPV],9.98-15.98万
瑞风M5,[MPV],13.95-16.65万
瑞风M6,[MPV],19.95-25.95万
瑞风R3,[MPV],6.48-9.58万
瑞风S2,[SUV],5.78-7.68万
瑞风S3,[SUV],6.79-8.79万
瑞风S4,[SUV],6.78-9.88万
瑞风S5,[SUV],8.95-13.95万
瑞风S7,[SUV],10.98-13.98万
爱驰RG Nathalie,[跑车],暂无指导价
上汽MAXUS RG10,[MPV],27.98万
瑞虎3,[SUV],5.99-7.99万
瑞虎3x,[SUV],4.99-6.69万
瑞虎3xe,[SUV],17.68-18.98万
瑞虎5x,[SUV],5.99-8.99万
瑞虎7,[SUV],8.59-15.09万
瑞虎8,[SUV],8.88-15.59万
瑞虎e,[SUV],10.99-14.39万
锐际,[SUV],18.98-21.88万
锐界,[SUV],22.98-38.98万
锐铃,[皮卡],7.93-8.08万
瑞迈,[皮卡],8.48-13.58万
新宝骏RM-5,[MPV],7.88-12.08万
瑞迈EV,[皮卡],暂无指导价
瑞纳,[小型车],4.99-7.39万
Roadster,[跑车],暂无指导价
法拉利Roma,[跑车],暂无指导价
锐骐,[皮卡],8.58-12.18万
锐骐6,[皮卡],8.98-14.08万
锐骐6 EV,[皮卡],29.98万
锐骐EV,[皮卡],26.98万
奥迪RS 3,[紧凑型],51.38万
奥迪RS 4,[中型车],82.28万
奥迪RS 5,[中型车],86.98万
奥迪RS 6,[中大型],135.78万
奥迪RS 7,[中大型],153.98万
奥迪RS Q3,[SUV],暂无指导价
奥迪RS Q8,[SUV],暂无指导价
新宝骏RS-3,[SUV],7.18-8.98万
新宝骏RS-5,[SUV],9.78-13.58万
新宝骏RS-7,[SUV],暂无指导价
上汽MAXUS RV80,[客车],26.98-49.48万
上汽MAXUS RV90,[客车],暂无指导价
雷克萨斯RX,[SUV],39-81万
荣威RX3,[SUV],6.98-11.08万
荣威RX5,[SUV],9.88-18.58万
荣威RX5 eMAX 插电混动,[SUV],19.58-23.58万
荣威RX5 MAX,[SUV],11.88-18.98万
荣威RX8,[SUV],16.38-24.68万
睿行EM60,[面包车],12.28万
睿行EM80,[客车],9.68-12万
睿行ES30,[微型车],6.68-6.98万
睿行M60,[面包车],5.19-5.99万
睿行M70,[客车],6.05-7.4万
睿行M80,[客车],5.85-7.2万
睿行M90,[客车],6.85-9.25万
睿行S50,[MPV],4.89-7.79万
睿行S50T,[MPV],6.19-7.89万
荣曜,[SUV],7.99-9.99万
标致3008,[SUV],13.97-14.97万
克莱斯勒300C,[中大型],39.99-49.19万
华骐300E,[紧凑型],19.88万
标致301,[紧凑型],7.97-10.77万
威旺306,[面包车],3.74-4.64万
威旺307,[面包车],4.43-5.18万
标致308,[紧凑型],8.97-13.07万
宝骏310,[小型车],3.78-6.08万
宝骏310W,[紧凑型],4.28-7.28万
风光330,[MPV],3.79-5.09万
宝骏360,[MPV],5.68-8.08万
荣威360,[紧凑型],7.79-12.99万
风光370,[MPV],5.99-6.99万
宝马3系(进口),[中型车],暂无指导价
宝马3系,[中型车],29.39-40.99万
宝马3系 插电混动,[中型车],暂无指导价
宝马3系GT,[中型车],35.98-44.98万
标致4008,[SUV],16.97-24.37万
标致4008 PHEV,[SUV],暂无指导价
标致408,[紧凑型],11.77-16.97万
法拉利488,[跑车],408.8-449.9万
丰田4Runner,[SUV],暂无指导价
宝马4系,[中型车],35.98-61.68万
零跑S01,[小型车],18.99-22.99万
御风S16,[SUV],11.78-28.98万
幻速S2,[SUV],5.18-6.08万
比亚迪S2,[SUV],8.98-10.98万
幻速S3,[SUV],5.38-6.98万
奥迪S3,[紧凑型],36.38万
领途S3,[微型车],暂无指导价
驭胜S350,[SUV],12.18-17.38万
奥迪S4,[中型车],45.98万
海马S5,[SUV],6.98-10.98万
奥迪S5,[中型车],62.28-69.88万
幻速S5,[SUV],5.98-8.58万
威旺S50,[SUV],7.98-12.08万
风光S560,[SUV],6.39-9.69万
海马S5青春版,[SUV],5.98-9.08万
奥迪S6,[中大型],90.58万
幻速S6,[SUV],8.88-11.68万
沃尔沃S60(进口),[中型车],暂无指导价
沃尔沃S60,[中型车],24.98-37.99万
沃尔沃S60 插电混动,[中型车],39.99-46.19万
幻速S7,[SUV],7.88-11.58万
比亚迪S7,[SUV],12.99万
海马S7,[SUV],9.88-12.68万
奥迪S7,[中大型],123.08万
君马S70,[SUV],8.19-11.59万
奥迪S8,[豪华车],暂无指导价
红旗S9,[跑车],暂无指导价
沃尔沃S90,[中大型],37.29-49.59万
沃尔沃S90 插电混动,[中大型],49.99-104.39万
SAVANA,[MPV],68.8-218万
Karma SC1 Vision,[跑车],暂无指导价
Karma SC2,[跑车],暂无指导价
斯柯达SCALA,[紧凑型],暂无指导价
斯柯达SCALA G-TEC,[紧凑型],暂无指导价
胜达,[SUV],20.28-27.28万
圣达菲2 XEV360,[SUV],暂无指导价
圣达菲5,[SUV],7.68-11.18万
圣达菲5 XEV260,[SUV],24.58-25.88万
圣达菲7,[SUV],7.98-9.28万
顺达宽体,[卡车],9.08-10万
宋DM,[SUV],17.69-20.69万
顺达窄体,[卡车],8.4-8.9万
起亚Seltos,[SUV],暂无指导价
日产Sentra,[紧凑型],暂无指导价
日产Serena,[MPV],暂无指导价
法拉利Sergio,[跑车],暂无指导价
宋EV,[SUV],18.99-21.99万
金康SERES SF5,[SUV],27.8-45.8万
法拉利SF90 Stradale,[跑车],398.8万
赛飞利,[MPV],暂无指导价
本田Shuttle,[小型车],暂无指导价
Sian,[跑车],暂无指导价
Sienna,[MPV],暂无指导价
SIERRA,[皮卡],62.8-76.8万
奔驰S级,[豪华车],84.28-169.28万
奔驰S级 插电混动,[豪华车],暂无指导价
帅客,[MPV],6.88-9.18万
赛克5,[SUV],7.79-12.89万
帅客EV,[MPV],16.88-17.08万
日产Skyline,[中型车],暂无指导价
赛菱,[卡车],4.75-5.25万
奔驰SLC级,[跑车],50.68-62.38万
索罗德,[皮卡],59.99-69.9万
商旅房车,[卡车],43.8-48.8万
商旅房车经典款,[卡车],38.8-42.8万
帅铃i3,[皮卡],暂无指导价
奔驰SL级,[跑车],99.38万
赛麟迈克,[SUV],暂无指导价
森林人,[SUV],22.38-28.58万
赛麟S1,[跑车],暂无指导价
赛麟S1(进口),[跑车],暂无指导价
帅铃T6,[皮卡],8.58-12.78万
帅铃T8,[皮卡],9.38-13.48万
宋MAX,[MPV],7.99-12.99万
S-MAX,[MPV],暂无指导价
宋MAX DM,[MPV],14.99-19.69万
宋MAX EV,[MPV],17.98-19.98万
索纳塔,[中型车],16.98-24.98万
索纳塔 插电混动,[中型车],22.28-25.68万
速派,[中型车],15.98-24.13万
萨普,[皮卡],7.08-18.78万
速派(海外),[中型车],暂无指导价
法拉利SP38,[跑车],暂无指导价
法拉利SP3JC,[跑车],暂无指导价
雪铁龙SPACETOURER,[客车],暂无指导价
迈凯伦Speedtail,[跑车],暂无指导价
斯派卡,[MPV],5.98-7.58万
Sprinter LS500,[MPV],160万
宋Pro,[SUV],8.98-11.98万
宋Pro DM,[SUV],16.98-25.99万
宋Pro EV,[SUV],17.98-25.99万
奥迪SQ2,[SUV],暂无指导价
奥迪SQ7,[SUV],暂无指导价
奥迪SQ8,[SUV],暂无指导价
神骐F30,[皮卡],4.76-6.38万
神骐T10,[卡车],3.99-5.09万
神骐T20,[卡车],3.39-5.97万
速锐,[紧凑型],5.99-6.99万
众泰SR7,[SUV],6.68-10.18万
众泰SR9,[SUV],10.88-16.98万
世锐PHEV,[SUV],19.68-20.68万
闪闪X2,[SUV],11.98-13.98万
速腾,[紧凑型],12.89-19.19万
阿尔法·罗密欧Stelvio,[SUV],45.68-127.98万
桑塔纳,[紧凑型],8.69-11.59万
雪佛兰Suburban,[SUV],暂无指导价
三菱SUPER HEIGHT K-WAGON,[小型车],暂无指导价
丰田Supra,[跑车],暂无指导价
萨瓦纳,[SUV],13.53-36万
思域,[紧凑型],11.99-16.99万
森雅R7,[SUV],6.69-10.69万
森雅R7 EV,[SUV],17.98万
森雅R8,[SUV],暂无指导价
森雅R9,[SUV],8.39-12.59万
新世代全顺,[客车],16.45-24.15万
零跑T03,[微型车],暂无指导价
众泰T100 EV,[SUV],暂无指导价
庆铃T17,[皮卡],9.47-14.28万
金杯T20,[卡车],2.79-3.35万
鑫源T20 EV,[卡车],10.68-10.98万
鑫源T20S,[卡车],3.59万
金杯T22,[卡车],3.14-3.68万
鑫源T22S,[卡车],3.89万
比亚迪T3,[面包车],暂无指导价
比速T3,[SUV],7.49-8.99万
金杯T30,[卡车],3.55-4.81万
众泰T300,[SUV],4.59-9.38万
众泰T300 EV,[SUV],17.99-19.99万
鑫源T30S,[卡车],4.39万
金杯T32,[卡车],3.87-4.92万
鑫源T32S,[卡车],4.69万
奔腾T33,[SUV],6.98-9.98万
比速T5,[SUV],7.29-10.49万
金杯T50,[卡车],4.58-5.08万
鑫源T50 EV,[卡车],15.28-17.18万
众泰T500,[SUV],6.98-12.38万
金杯T52,[卡车],4.88-5.38万
启辰T60,[SUV],8.58-11.88万
上汽MAXUS T60,[皮卡],7.98-21.38万
启辰T60 EV,[SUV],13.88-15.68万
众泰T600,[SUV],7.98-13.78万
众泰T600 Coupe,[SUV],8.68-14.68万
比速T7,[SUV],暂无指导价
野马T70,[SUV],6.98-11.58万
上汽MAXUS T70,[皮卡],11.98-20.48万
启辰T70,[SUV],8.98-12.78万
众泰T700,[SUV],10.68-15.58万
奔腾T77,[SUV],8.98-13.68万
解放T80,[卡车],3.59-4.04万
野马T80,[SUV],8.98-12.98万
众泰T800,[SUV],13.18-16.3万
启辰T90,[SUV],10.98-15.48万
解放T90,[卡车],4.65-5.05万
奔腾T99,[SUV],14.99-18.99万
途昂,[SUV],30.09-50.59万
雪佛兰Tahoe,[SUV],暂无指导价
途安L,[MPV],15.18-19.48万
西雅特Tarraco,[SUV],暂无指导价
西雅特Tarraco PHEV,[SUV],暂无指导价
Tavascan,[SUV],暂无指导价
途昂X,[SUV],31.69-48.89万
保时捷Taycan,[中大型],114.8-179.8万
T-Cross(海外),[SUV],暂无指导价
途达,[SUV],16.98-24.83万
唐DM,[SUV],22.99-32.99万
唐EV,[SUV],25.99-40.99万
探歌,[SUV],13.58-20.38万
途观,[SUV],19.48-23.18万
途观L,[SUV],21.88-35.08万
途观L 插电混动,[SUV],31.58-32.58万
Tiguan,[SUV],23.98-35.08万
日产Titan,[皮卡],暂无指导价
Tj Cruiser,[SUV],暂无指导价
天际ME7,[SUV],36.68万
天际ME-S,[中型车],暂无指导价
探界者,[SUV],17.49-24.59万
途铠,[SUV],12.79-15.99万
塔科马,[皮卡],暂无指导价
天籁,[中型车],17.98-26.98万
途乐,[SUV],55.8-84.18万
讴歌TLX-L,[中型车],27.98-37.98万
拓陆者E3,[皮卡],7.78-11.66万
拓陆者E5,[皮卡],9.49-12.41万
拓陆者E7,[皮卡],10.78-19.88万
拓陆者EV,[皮卡],暂无指导价
拓陆者S,[皮卡],12.79-52万
拓陆者胜途,[皮卡],9.38-12.28万
拓陆者驭途,[皮卡],10.48-19.58万
阿尔法·罗密欧Tonale,[SUV],暂无指导价
福特Tourneo Custom,[MPV],暂无指导价
福特Tourneo Custom 插电混动,[MPV],暂无指导价
途锐,[SUV],56.98-81.98万
途锐 插电混动,[SUV],暂无指导价
雪佛兰Trailblazer,[SUV],暂无指导价
雪佛兰Traverse,[SUV],61.3万
雷诺Triber,[SUV],暂无指导价
途睿欧,[MPV],17.69-39.98万
T-ROC(海外),[SUV],暂无指导价
途睿欧商务车,[MPV],29.8-39.8万
途胜,[SUV],15.59-23.99万
特顺,[客车],10.13-14.27万
众泰TS5,[SUV],暂无指导价
特顺EV,[客车],20.6-24.68万
大发Tsumu Tsumu,[卡车],暂无指导价
腾势X 纯电动,[SUV],31.98-35.78万
腾势X 插电混动,[SUV],28.98-31.98万
奥迪TT,[跑车],45.38-53.28万
奥迪TT RS,[跑车],76.98万
奥迪TTS,[跑车],59.78-63.48万
雷诺Twingo,[微型车],暂无指导价
LEVC TX,[MPV],暂无指导价
探险者,[SUV],41.28-59.18万
探险者 插电混动,[SUV],暂无指导价
探影,[SUV],11.49-15.99万
添越,[SUV],269-398万
途岳,[SUV],16.58-22.38万
探岳,[SUV],18.59-31.39万
天逸 C5 AIRCROSS,[SUV],14.97-23.67万
探岳 插电混动,[SUV],暂无指导价
天语 SX4,[紧凑型],7.98-9.98万
途岳纯电,[SUV],暂无指导价
图雅诺,[客车],9.78-34.8万
图雅诺EV,[客车],26.47-29.72万
讴歌Type S,[跑车],暂无指导价
添越PHEV,[SUV],219.7万
爱驰U5,[SUV],19.79-29.21万
U5 SUV,[SUV],7.58-9.98万
纳智捷U5 SUV EV,[SUV],暂无指导价
爱驰U7,[SUV],暂无指导价
丰田Ultra-compact BEV,[微型车],暂无指导价
大众UP! 纯电动,[微型车],暂无指导价
Urus,[SUV],290万
本田UR-V,[SUV],24.68-32.98万
纳智捷URX,[SUV],14.36-15.56万
雷克萨斯UX,[SUV],26.8-38.6万
雷克萨斯UX 纯电动,[SUV],暂无指导价
中华V3,[SUV],5.07-8.77万
长安跨越V3,[面包车],3.35-3.43万
凯翼V3,[SUV],6.28-7.88万
长安跨越新能源V3 EV,[面包车],7.92万
沃尔沃V40,[紧凑型],22.69-28.39万
长安跨越新能源V5 EV,[面包车],9.38万
V5菱致,[紧凑型],6.59-8.09万
中华V6,[SUV],8.79-14.19万
沃尔沃V60,[中型车],33.99-43.99万
启腾V60,[SUV],5.69-6.69万
中华V7,[SUV],10.87-15.69万
江淮V7,[皮卡],7.18-8.38万
汉腾V7,[MPV],7.99-13.59万
一汽V75,[面包车],2.89-3.09万
V77,[面包车],3.09-3.59万
阿斯顿·马丁V8 Vantage,[跑车],186.9-259.8万
上汽MAXUS V80,[客车],10.28-24.86万
佳宝V80,[面包车],5.09-14.98万
中华V9,[SUV],暂无指导价
沃尔沃V90,[中大型],43.79-55.29万
上汽MAXUS V90,[客车],14.78-24.96万
捷达VA3,[紧凑型],6.58-9.28万
阿斯顿·马丁Valhalla,[跑车],暂无指导价
阿斯顿·马丁Vanquish,[跑车],399.8-409.8万
大众Viloran,[MPV],暂无指导价
捷豹Vision Gran Turismo,[跑车],暂无指导价
斯柯达VISION GT,[SUV],暂无指导价
现代Vision T,[SUV],暂无指导价
荣威Vision-iM,[MPV],暂无指导价
斯巴鲁VIZIV Adrenaline,[SUV],暂无指导价
奔驰V级,[MPV],47.18-65.18万
V级,[MPV],95.8-115.8万
捷达VS5,[SUV],8.48-11.28万
捷达VS7,[SUV],暂无指导价
WEY VV5,[SUV],12.58-17.3万
WEY VV6,[SUV],14.8-17.5万
WEY VV7,[SUV],16.98-18.88万
WEY VV7 GT,[SUV],19.18-20.58万
WEY VV7 GT PHEV,[SUV],25.68万
WEY VV7 PHEV,[SUV],21.98-23.98万
标致5008,[SUV],18.77-27.37万
银隆5024 EV,[卡车],11万
银隆5043 EV,[客车],25万
标致508L,[中型车],15.97-22.57万
标致508L PHEV,[中型车],暂无指导价
宝骏510,[SUV],5.58-8.28万
宝骏530,[SUV],7.58-11.58万
迈凯伦540C,[跑车],220万
迈凯伦570GT,[跑车],256万
迈凯伦570S,[跑车],243.6-270.8万
风光580,[SUV],8.09-12.3万
风光580 PHEV,[SUV],16.99万
风光580Pro,[SUV],9.29-12.09万
宝马5系,[中大型],42.69-64.39万
宝马5系(进口),[中大型],41.99-60.39万
宝马5系 插电混动,[中大型],49.69-53.69万
宝马5系 插电混动(进口),[中大型],暂无指导价
大发Wai Wai,[微型车],暂无指导价
铃木Wako SPO,[跑车],暂无指导价
大发Waku Waku,[微型车],暂无指导价
威驰,[小型车],6.88-11.18万
威驰FS,[小型车],6.88-10.78万
潍柴P80,[皮卡],暂无指导价
潍柴U70,[SUV],6.99-11.09万
威尔法,[MPV],80.5-85.6万
WEY-S,[SUV],暂无指导价
WEY-X,[SUV],暂无指导价
威虎,[皮卡],6.98-11.98万
威航,[跑车],暂无指导价
微蓝,[紧凑型],16.58-19.98万
蔚揽,[中型车],24.38-39.28万
蔚领,[紧凑型],11.39-15.89万
威朗,[紧凑型],13.59-18.59万
蔚揽 插电混动,[中型车],30.18万
沃兰多,[紧凑型],11.49-15.49万
威兰达,[SUV],暂无指导价
五菱宏光PLUS,[MPV],6.48-7.98万
五菱宏光S,[MPV],4.28-5.88万
五菱宏光S EV,[MPV],暂无指导价
五菱宏光S1,[MPV],5.88-6.98万
五菱宏光S3,[SUV],5.68-8.28万
五菱宏光V,[面包车],4.18-5.58万
五菱荣光,[面包车],3.68-4.92万
五菱荣光EV,[面包车],暂无指导价
五菱荣光V,[面包车],3.98-4.98万
五菱荣光新卡,[卡车],4.68-5.68万
五菱荣光小卡,[卡车],3.56-4.59万
物流王,[面包车],12.8-14.1万
五菱之光,[面包车],3.08-3.49万
五菱之光V,[面包车],3.48-3.68万
路虎卫士,[SUV],暂无指导价
威霆,[MPV],28.98-34.18万
威霆,[MPV],68.8-73.8万
维特拉,[SUV],9.98-15.98万
威志V5,[小型车],5.29-6.59万
宝马X1,[SUV],27.68-36.98万
宝马X1 插电混动,[SUV],39.98万
宝马X2(进口),[SUV],28.18-36.98万
SWM斯威X2,[SUV],暂无指导价
陆风X2,[SUV],6.38-8.88万
宝马X2,[SUV],26.68-32.98万
绅宝X25,[SUV],5.58-7.58万
凯翼X3,[SUV],5.89-8.69万
宝马X3,[SUV],38.98-56.58万
SWM斯威X3,[SUV],5.5-6.69万
宝马X3 插电混动,[SUV],暂无指导价
宝马X3 M,[SUV],83.99-89.99万
鑫源X30L,[面包车],5.7-6.28万
鑫源X30L EV,[面包车],16.98-17.08万
绅宝X35,[SUV],6.58-8.88万
宝马X4,[SUV],45.58-58.59万
宝马X4 M,[SUV],86.99-92.99万
奔腾X40,[SUV],6.68-9.78万
奔腾X40 EV,[SUV],18.38-19.38万
陆风X5,[SUV],7.98-11.58万
宝马X5,[SUV],69.99-84.99万
汉腾X5,[SUV],5.98-10.68万
凯翼X5,[SUV],7.89-10.49万
宝马X5 插电混动,[SUV],85.99万
汉腾X5 EV,[SUV],18.98-20.98万
宝马X5 M,[SUV],150-168.49万
宝马X6,[SUV],75.39-93.69万
宝马X6 M,[SUV],175.99万
绅宝X65,[SUV],9.88-14.98万
SWM斯威X7,[SUV],6.99-8.79万
汉腾X7,[SUV],7.88-15.68万
宝马X7,[SUV],100-162.8万
陆风X7,[SUV],12.98-15.08万
汉腾X7 PHEV,[SUV],22.98-24.98万
捷途X70,[SUV],6.99-12.29万
宝腾X70,[SUV],暂无指导价
捷途X70M,[SUV],6.49-7.99万
捷途X70S,[SUV],7.69-12.79万
捷途X70S EV,[SUV],17.79-19.99万
陆风X8,[SUV],11.99-15.79万
汉腾X8,[SUV],暂无指导价
奔腾X80,[SUV],12.38-14.78万
力帆X80,[SUV],10.99-14.99万
捷途X90,[SUV],7.99-14.09万
捷途X95,[SUV],9.99-15.09万
长安新豹2,[卡车],4.07-5.86万
新豹3,[卡车],4.62-5.99万
长安新豹MINI,[卡车],3.21-5.05万
西部牛仔,[卡车],4.52-5.27万
新豹T3,[卡车],4.13-5.18万
沃尔沃XC40,[SUV],26.48-38.58万
沃尔沃XC40 纯电动,[SUV],暂无指导价
沃尔沃XC60,[SUV],36.29-46.99万
沃尔沃XC60 插电混动,[SUV],52.79-58.59万
沃尔沃XC90,[SUV],63.09-84.99万
沃尔沃XC90 插电混动,[SUV],89.19-122.58万
起亚XCeed,[紧凑型],暂无指导价
昕动,[紧凑型],6.99-11.14万
现代45,[SUV],暂无指导价
捷豹XE,[中型车],43.68万
捷豹XEL,[中型车],28.18-41.48万
捷豹XF,[中大型],45.58-58.28万
幸福e+,[微型车],5.98-6.98万
捷豹XFL,[中大型],37.58-57.88万
野马星歌,[小型车],暂无指导价
小海狮EV,[面包车],11.58-11.78万
新海狮S,[客车],5.08-5.88万
金杯小海狮X30,[面包车],3.58-4.68万
奔驰X级,[皮卡],暂无指导价
炫界,[SUV],暂无指导价
捷豹XJ,[豪华车],88.8-106.8万
逍客,[SUV],15.49-18.59万
夏朗,[MPV],24.68-29.68万
轩朗,[MPV],6.98-10.68万
小老虎,[皮卡],5.6-7.38万
祥菱M,[卡车],4.77-5.12万
夏利N5,[小型车],4.39-4.79万
夏利N7,[小型车],3.99-4.29万
祥菱S,[面包车],暂无指导价
祥菱V,[面包车],4.08-5.91万
西玛,[中型车],23.48-26.78万
本田X-NV,[SUV],16.98-17.98万
三菱Xpander,[MPV],暂无指导价
星锐,[客车],10.97-21.78万
昕锐,[紧凑型],7.19-10.64万
本田XR-V,[SUV],12.78-17.59万
新世代全顺,[客车],16.45-24.15万
雄师F16,[皮卡],5.58-9.18万
雄师F22,[皮卡],8.28-15.18万
骁途,[SUV],9.98-15.98万
凯迪拉克XT4,[SUV],25.97-39.17万
凯迪拉克XT5,[SUV],32.97-46.97万
凯迪拉克XT6,[SUV],41.97-54.97万
星途LX,[SUV],12.59-15.09万
星途LX EV,[SUV],暂无指导价
凯迪拉克XTS,[中大型],29.99-35.29万
星途TX,[SUV],13.59-14.79万
星途TXL,[SUV],13.59-17.59万
星途VX,[SUV],暂无指导价
斯巴鲁XV,[SUV],19.18-23.18万
斯巴鲁XV 插电混动,[SUV],暂无指导价
逍遥,[SUV],7.69-12.19万
轩逸,[紧凑型],9.98-16.15万
享域,[紧凑型],9.98-13.68万
星越,[SUV],13.58-19.58万
轩逸·纯电,[紧凑型],24.3-25.4万
星越PHEV,[SUV],18.88-21.68万
宝马1系(进口),[紧凑型],23.18-42.98万
宝马1系,[紧凑型],19.88-26.38万
云100,[微型车],9.88-10.48万
优6 SUV,[SUV],12.98-16.98万
丰田YARiS(海外),[小型车],暂无指导价
YARiS L 致享,[小型车],7.98-10.58万
YARiS L 致炫,[小型车],6.88-10.38万
翼豹,[紧凑型],暂无指导价
翼搏,[SUV],7.98-12.08万
逸动,[紧凑型],7.19-10.39万
悦动,[紧凑型],7.99-11.59万
云度π1,[SUV],7.58-11.38万
云度π3,[SUV],12.68-13.98万
云度π7,[SUV],暂无指导价
逸动DT,[紧凑型],5.29-8.09万
逸动ET,[紧凑型],13.29-14.29万
逸动EV,[紧凑型],12.99-13.99万
逸动PHEV,[紧凑型],16.09-16.99万
逸动XT,[紧凑型],7.79-11.19万
元EV,[SUV],8.99-13.99万
奕歌,[SUV],12.98-18.58万
阳光,[紧凑型],7.98-9.4万
雅阁,[中型车],16.98-25.98万
英格尼斯,[SUV],12.9-13.3万
翼虎,[SUV],16.98-24.98万
域虎3,[皮卡],8.98-12.22万
域虎5,[皮卡],9.68-13.63万
域虎7,[皮卡],11.98-17.63万
域虎9,[皮卡],13.48-20.78万
域虎EV,[皮卡],24.8-26.8万
远景,[紧凑型],4.79-7.39万
开瑞优劲,[卡车],3.29-6.64万
开瑞优劲EV,[卡车],11.28-11.58万
远景S1,[SUV],5.99-9.49万
远景X1,[SUV],3.99-5.79万
远景X3,[SUV],4.59-6.89万
远景X6,[SUV],6.89-10.59万
英朗,[紧凑型],11.59-14.39万
阅朗,[紧凑型],13.19-14.69万
越铃,[皮卡],5.76-6.12万
伊兰特(海外),[紧凑型],暂无指导价
伊兰特 纯电动,[紧凑型],19.98-20.28万
勇猛者,[SUV],77.8-107.8万
悦纳,[紧凑型],7.28-10.58万
悦纳RV,[紧凑型],7.88-10.88万
奕跑,[SUV],6.98-8.28万
勇士,[SUV],9.98-16.17万
翼神,[紧凑型],11.1-11.9万
勇士皮卡,[皮卡],7.795-11.555万
宇通7系,[客车],暂无指导价
YUKON,[SUV],155-238万
逸行,[紧凑型],8.09-11.99万
悦翔,[小型车],4.99-6.79万
奕炫,[紧凑型],6.99-10.09万
奕炫EV,[紧凑型],暂无指导价
雨燕,[小型车],5.48-8.28万
曜影,[豪华车],520-620万
开瑞优优,[面包车],3.55-4.55万
云逸 C4 AIRCROSS,[SUV],10.68-15.68万
开瑞优优EV,[卡车],10.98-11.08万
奕泽,[SUV],14.68-17.48万
英致727,[MPV],3.99-4.98万
英致737,[MPV],4.98-8.78万
奕泽EV,[SUV],暂无指导价
易至EV3,[微型车],6.68-8.38万
易至EX5,[SUV],8.98-12.28万
英致G3,[SUV],5.69-8.08万
英致G5,[SUV],5.98-9.38万
亚洲龙,[中型车],19.98-28.98万
亚洲龙(海外),[中大型],暂无指导价
众泰Z360,[紧凑型],5.88-8.68万
宝马Z4,[跑车],48.88-63.38万
众泰Z500 EV,[中型车],11.39-12.59万
众泰Z560,[中型车],7.58-14.08万
众泰Z700,[中大型],10.58-16.58万
战车,[SUV],368-378万
Zenvo,[跑车],暂无指导价
指挥官,[SUV],25.98-31.58万
指挥官PHEV,[SUV],30.98-32.28万
战剑,[SUV],168万
芝麻,[微型车],10.98-12.98万
指南者,[SUV],15.58-24.18万
雷诺ZOE,[小型车],暂无指导价
智跑,[SUV],11.99-14.89万
战旗,[SUV],8.06-9.86万
战旗皮卡,[皮卡],暂无指导价
智尚S35,[SUV],5.98-7.88万
智行,[SUV],5.99-11.99万
庆铃中型商用车,[卡车],19.4-21.98万
致悦,[紧凑型],10.08-14.88万
自由光,[SUV],18.58-31.98万
自由侠,[SUV],12.98-19.08万
自由侠PHEV,[SUV],暂无指导价
